INSERT INTO GENRES(NAME) VALUES
    ('Punk'),
    ('Classic Rock'),
    ('Singer-Songwriter'),
    ('Rock'),
    ('Blues'),
    ('Pop'),
    ('Soul'),
    ('Folk'),
    ('Country'),
    ('Jazz'),
    ('Hip-Hop'),
    ('Alternative'),
    ('Metal');

INSERT INTO ARTISTS(NAME, GENRE) VALUES
    ('999', 'Punk'),
    ('AC/DC', 'Classic Rock'),
    ('Aimee Mann', 'Singer-Songwriter'),
    ('Alan White', 'Rock'),
    ('Albert King', 'Blues'),
    ('Alton Ellis', 'Pop'),
    ('Arc Angels', 'Blues'),
    ('Aretha Franklin', 'Soul'),
    ('Ashley Hutchings & Rainbow Chasers', 'Folk'),
    ('Avett Brothers', 'Rock'),
    ('Barry Gibb', 'Pop'),
    ('Ben Harper', 'Rock'),
    ('Bert Jansch', 'Folk'),
    ('Bill Withers', 'Soul'),
    ('Billy Joel', 'Pop'),
    ('Billy Strings', 'Country'),
    ('Bob Dylan', 'Classic Rock'),
    ('Bob Marley', 'Pop'),
    ('Brian Johnson', 'Rock'),
    ('Buddy Guy', 'Blues'),
    ('Carly Simon', 'Singer-Songwriter'),
    ('Charged GBH', 'Punk'),
    ('Charles Mingus', 'Jazz'),
    ('Charlie Gabriel', 'Jazz'),
    ('China Crisis', 'Pop'),
    ('Christone "Kingfish" Ingram', 'Blues'),
    ('Chuck D', 'Hip-Hop'),
    ('Coldplay', 'Rock'),
    ('Common', 'Hip-Hop'),
    ('Counting Crows', 'Alternative'),
    ('Country Joe McDonald', 'Folk'),
    ('Curren$y', 'Hip-Hop'),
    ('Curtis Mayfield', 'Soul'),
    ('Dan Baird and Homemade Sin', 'Rock'),
    ('Danny Brown', 'Hip-Hop'),
    ('Dave Grohl', 'Rock'),
    ('Dave Lombardo', 'Metal'),
    ('Dave Matthews Band', 'Rock'),
    ('David Gilmour', 'Classic Rock'),
    ('Dead & Company', 'Rock'),
    ('Derrick Morgan', 'Pop'),
    ('Desmond Dekker', 'Pop'),
    ('DH Peligro', 'Punk'),
    ('Diamond Head', 'Metal'),
    ('DJ Paul', 'Hip-Hop'),
    ('Doyle Bramhall II', 'Rock'),
    ('Duff McKagan', 'Rock'),
    ('Echo & The Bunnymen', 'Rock'),
    ('Elkie Brooks', 'Singer-Songwriter'),
    ('Emerson, Lake & Palmer', 'Rock'),
    ('Evanescence', 'Alternative'),
    ('Exene Cervenka', 'Punk'),
    ('Fairport Convention', 'Folk'),
    ('Flea', 'Rock'),
    ('Fleet Foxes', 'Alternative'),
    ('Foo Fighters', 'Alternative'),
    ('Freddie Gibbs', 'Hip-Hop'),
    ('Freddie King', 'Blues'),
    ('Front 242', 'Alternative'),
    ('George Harrison', 'Rock'),
    ('Glenn Tilbrook', 'Singer-Songwriter'),
    ('Gnarls Barkley', 'Hip-Hop'),
    ('Godfathers', 'Punk'),
    ('Gov''t Mule', 'Rock'),
    ('Grateful Dead', 'Rock'),
    ('Greensky Bluegrass', 'Country'),
    ('Hawkwind', 'Rock'),
    ('Hazel O''Connor', 'Pop'),
    ('Hitmaka', 'Hip-Hop'),
    ('Human League', 'Pop'),
    ('Ian Hunter', 'Rock'),
    ('Ian MacKaye', 'Punk'),
    ('Iggy & The Stooges', 'Punk'),
    ('Ike & Tina Turner', 'Soul'),
    ('Incredible String Band', 'Folk'),
    ('Jane''s Addiction', 'Alternative'),
    ('Jason Isbell', 'Country'),
    ('Jeff Buckley', 'Rock'),
    ('Jennifer Finch', 'Rock'),
    ('Jeremy Spencer', 'Blues'),
    ('Jesus Jones', 'Alternative'),
    ('Jethro Tull', 'Classic Rock'),
    ('Jimi Hendrix', 'Classic Rock'),
    ('Jimmy James', 'Soul'),
    ('Jimmy Webb', 'Pop'),
    ('Joe Brown', 'Rock'),
    ('John Coltrane', 'Jazz'),
    ('John Lee Hooker', 'Blues'),
    ('John Lennon', 'Rock'),
    ('John Lydon', 'Punk'),
    ('John Mayall', 'Blues'),
    ('Johnny Thunders', 'Metal'),
    ('Judas Priest', 'Metal'),
    ('Junior Wells', 'Blues'),
    ('Ken Hensley & Live Fire', 'Rock'),
    ('King Kurt', 'Rock'),
    ('Kira Roessler', 'Punk'),
    ('Klaus Voormann', 'Rock'),
    ('Lars Ulrich', 'Metal'),
    ('Lee Perry', 'Pop'),
    ('Leonard Cohen', 'Singer-Songwriter'),
    ('Lupe Fiasco', 'Hip-Hop'),
    ('Luther Vandross', 'Soul'),
    ('Marcus King', 'Blues'),
    ('Marvin Gaye', 'Soul'),
    ('Michael Chapman', 'Singer-Songwriter'),
    ('Mike Watt', 'Rock'),
    ('Miles Davis', 'Jazz'),
    ('Moby', 'Pop'),
    ('Motorhead', 'Metal'),
    ('Muddy Waters', 'Blues'),
    ('My Morning Jacket', 'Rock'),
    ('Natalie Merchant', 'Pop'),
    ('Ned''s Atomic Dustbin', 'Alternative'),
    ('New Model Army', 'Rock'),
    ('Nick Mason', 'Rock'),
    ('Nicky Hopkins', 'Rock'),
    ('Nine Below Zero', 'Blues'),
    ('Noel Gallagher', 'Rock'),
    ('Norah Jones', 'Pop'),
    ('Oasis', 'Rock'),
    ('Paul Anka', 'Pop'),
    ('Paul Simon', 'Singer-Songwriter'),
    ('Paul Wall', 'Hip-Hop'),
    ('Pearl Jam', 'Alternative'),
    ('Peter Stahl', 'Punk'),
    ('Phish', 'Rock'),
    ('PJ Harvey', 'Alternative'),
    ('Punch Brothers', 'Folk'),
    ('Radiohead', 'Alternative'),
    ('Radkey', 'Rock'),
    ('Red Hot Chili Peppers', 'Alternative'),
    ('Rickie Lee Jones', 'Pop'),
    ('Ringo Starr', 'Pop'),
    ('RUN-D.M.C.', 'Hip-Hop'),
    ('Sammy Hagar', 'Rock'),
    ('Santana', 'Rock'),
    ('Sara Bareilles', 'Singer-Songwriter'),
    ('Seal', 'Pop'),
    ('Sean Ono Lennon', 'Rock'),
    ('Sham 69', 'Punk'),
    ('Shed Seven', 'Alternative'),
    ('Simon & Garfunkel', 'Folk'),
    ('Slash', 'Rock'),
    ('Slaughter & the Dogs', 'Punk'),
    ('Southside Johnny', 'Rock'),
    ('Splodgenessabounds', 'Punk'),
    ('Starcrawler', 'Rock'),
    ('Steve Miller Band', 'Classic Rock'),
    ('Steven Tyler', 'Rock'),
    ('Stevie Ray Vaughan', 'Blues'),
    ('Stiff Little Fingers', 'Punk'),
    ('Stone Temple Pilots', 'Alternative'),
    ('String Cheese Incident', 'Rock'),
    ('St. Vincent', 'Rock'),
    ('The Black Crowes', 'Rock'),
    ('The Bluetones', 'Alternative'),
    ('The Brothers', 'Classic Rock'),
    ('The Buzzcocks', 'Punk'),
    ('The Cool Kids', 'Hip-Hop'),
    ('The Cure', 'Rock'),
    ('The Edge', 'Rock'),
    ('The Fall', 'Punk'),
    ('The Farm', 'Alternative'),
    ('The Mavericks', 'Country'),
    ('The Pixies', 'Alternative'),
    ('The Raconteurs', 'Alternative'),
    ('The Rolling Stones', 'Classic Rock'),
    ('The Selecter', 'Pop'),
    ('The Staple Singers', 'Soul'),
    ('The Wedding Present', 'Rock'),
    ('The White Stripes', 'Alternative'),
    ('The Who', 'Classic Rock'),
    ('The Wonder Stuff', 'Alternative'),
    ('Tim Burgess', 'Rock'),
    ('Tony Kanal', 'Rock'),
    ('Toy Dolls', 'Punk'),
    ('Trey Anastasio', 'Rock'),
    ('UK Subs', 'Punk'),
    ('Van Morrison', 'Singer-Songwriter'),
    ('Voice of the Beehive', 'Pop'),
    ('Waylon Jennings', 'Country'),
    ('Widespread Panic', 'Rock'),
    ('Wilson Pickett', 'Soul'),
    ('Wu-Tang Clan', 'Hip-Hop'),
    ('Yes', 'Rock'),
    ('Yoko Ono', 'Rock');

INSERT INTO VENUES(NAME, CITY, COUNTRY) VALUES
    ('Donington Park', 'Leicestershire', 'United Kingdom'),
    ('Madison Square Garden', 'New York City', 'United States'),
    ('Charlotte Motor Speedway', 'Concord', 'United States'),
    ('Shea Stadium', 'New York City', 'United States'),
    ('Red Rocks Amphitheatre', 'Morrison', 'United States'),
    ('Ruoff Home Mortgage Music Center', 'Noblesville', 'United States'),
    ('Cabaret Metro', 'Chicago', 'United States'),
    ('Woodstock Music and Art Fair', 'Woodstock', 'United States'),
    ('Isle of Wight Festival', 'Newport', 'United Kingdom'),
    ('The Roundhouse', 'London', 'United Kingdom'),
    ('Central Park', 'New York City', 'United States'),
    ('Marquee Club', 'London', 'United Kingdom'),
    ('Rialto Theatre', 'Montreaux', 'Switzerland'),
    ('The Fillmore', 'San Francisco', 'United States'),
    ('El Mocambo', 'Toronto', 'Canada'),
    ('Ryman Auditorium', 'Nashville', 'United States'),
    ('UNO Lakefront Arena', 'New Orleans', 'United States'),
    ('Monterey County Fairgrounds', 'Monterey', 'United States'),
    ('Berkeley Community Theatre', 'Berkeley', 'United States'),
    ('Nightstage', 'Cambridge', 'United States'),
    ('Blackbird Studio', 'Nashville', 'United States'),
    ('Wells Fargo Center', 'Philadelphia', 'United States'),
    ('Dingwalls', 'London', 'United Kingdom'),
    ('Shepherd''s Bush Empire', 'London', 'United Kingdom'),
    ('Brighton Dome', 'Brighton', 'United Kingdom'),
    ('Brighton Concorde', 'Brighton', 'United Kingdom');

INSERT INTO TITLES(TITLE, GENRE, ARTIST, VENUE, ACTIVE) VALUES
    ('Live at Donington', 'Classic Rock', 'AC/DC', 'Donington Park', 'TRUE'),
    ('Madison Square Garden 3/10/2020', 'Classic Rock', 'The Brothers', 'Madison Square Garden', 'TRUE'),
    ('Lady Soul 1968', 'Soul', 'Aretha Franklin', NULL, 'TRUE'),
    ('Charlotte Speedway', 'Rock', 'Avett Brothers', 'Charlotte Motor Speedway', 'TRUE'),
    ('Barry Gibb - The Great Songwriters', 'Pop', 'Barry Gibb', NULL, 'TRUE'),
    ('Bill Withers - The Great Songwriters', 'Soul', 'Bill Withers', NULL, 'TRUE'),
    ('Live at Shea Stadium', 'Pop', 'Billy Joel', 'Shea Stadium', 'TRUE'),
    ('Live at Red Rocks 9/26/2020', 'Country', 'Billy Strings', 'Red Rocks Amphitheatre', 'TRUE'),
    ('Carly Simon - The Great Songwriters', 'Pop', 'Carly Simon', NULL, 'TRUE'),
    ('Chuck D - The Great Songwriters', 'Hip-Hop', 'Chuck D', NULL, 'TRUE'),
    ('Live in Noblesville, IN 6/29/2019', 'Rock', 'Dave Matthews Band', 'Ruoff Home Mortgage Music Center', 'TRUE'),
    ('Wider Horizons', 'Classic Rock', 'David Gilmour', NULL, 'FALSE'),
    ('Back and Forth', 'Alternative', 'Foo Fighters', NULL, 'TRUE'),
    ('Replay 2020', 'Alternative', 'Jane''s Addiction', NULL, 'TRUE'),
    ('Live in Chicago', 'Rock', 'Jeff Buckley', 'Cabaret Metro', 'TRUE'),
    ('Live at Woodstock', 'Classic Rock', 'Jimi Hendrix', 'Woodstock Music and Art Fair', 'TRUE'),
    ('Electric Church', 'Classic Rock', 'Jimi Hendrix', NULL, 'TRUE'),
    ('Blue Wild Angel: Live at the Isle of Wight', 'Classic Rock', 'Jimi Hendrix', 'Isle of Wight Festival', 'TRUE'),
    ('Music, Money, Madness...Jimi Hendrix in Maui', 'Classic Rock', 'Jimi Hendrix', NULL, 'TRUE'),
    ('Jimmy Webb - The Great Songwriters', 'Singer-Songwriter', 'Jimmy Webb', NULL, 'TRUE'),
    ('Gimme Some Truth', 'Rock', 'John Lennon', NULL, 'TRUE'),
    ('Epitaph', 'Metal', 'Judas Priest', NULL, 'TRUE'),
    ('Always and Forever: An Evening of Songs at the Royal Albert Hall (Live)', 'Soul', 'Luther Vandross', NULL, 'TRUE'),
    ('The Real Thing In Performance', 'Soul', 'Marvin Gaye', NULL, 'TRUE'),
    ('Live At The Roundhouse', 'Rock', 'Nick Mason', 'The Roundhouse', 'TRUE'),
    ('Noel Gallagher - The Great Songwriters', 'Alternative', 'Noel Gallagher', NULL, 'TRUE'),
    ('Norah Jones - The Great Songwriters', 'Pop', 'Norah Jones', NULL, 'TRUE'),
    ('Paul Anka - The Great Songwriters', 'Pop', 'Paul Anka', NULL, 'TRUE'),
    ('Concert in the Park', 'Singer-Songwriter', 'Paul Simon', 'Central Park', 'TRUE'),
    ('12/30/2019 Madison Square Garden, New York, NY', 'Rock', 'Phish', 'Madison Square Garden', 'TRUE'),
    ('Rickie Lee Jones - The Great Songwriters', 'Pop', 'Rickie Lee Jones', NULL, 'TRUE'),
    ('The Marquee Club Live in 1971', 'Classic Rock', 'The Rolling Stones', 'Marquee Club', 'TRUE'),
    ('Rialto Theatre 1972 Rehearsals', 'Classic Rock', 'The Rolling Stones', 'Rialto Theatre', 'TRUE'),
    ('The Rolling Stones - Ladies & Gentlemen', 'Classic Rock', 'The Rolling Stones', NULL, 'TRUE'),
    ('Steel Wheels Live', 'Classic Rock', 'The Rolling Stones', NULL, 'TRUE'),
    ('Between the Lines: Live at the Fillmore', 'Singer-Songwriter', 'Sara Bareilles', 'The Fillmore', 'TRUE'),
    ('Seal - The Great Songwriters', 'Pop', 'Seal', NULL, 'TRUE'),
    ('Live in Norway 1967', 'Soul', NULL, NULL, 'TRUE'),
    ('Live at the El Mocambo', 'Blues', 'Stevie Ray Vaughan', 'El Mocambo', 'TRUE'),
    ('Core', 'Alternative', 'Stone Temple Pilots', NULL, 'TRUE'),
    ('Purple', 'Alternative', 'Stone Temple Pilots', NULL, 'TRUE'),
    ('Live at Red Rocks 7/21/19', 'Rock', 'String Cheese Incident', 'Red Rocks Amphitheatre', 'TRUE'),
    ('American Folk Blues Festival 1962-1966 Volume 1', 'Blues', NULL, NULL, 'TRUE'),
    ('American Folk Blues Festival 1962-1966 Volume 2', 'Blues', NULL, NULL, 'TRUE'),
    ('American Folk Blues Festival 1962-1969 Volume 3', 'Blues', NULL, NULL, 'TRUE'),
    ('Soul to Soul', 'Soul', 'Ike & Tina Turner', NULL, 'TRUE'),
    ('CREEM: America''s Only Rock ''n'' Roll Magazine', 'Rock', NULL, NULL, 'TRUE'),
    ('INDUSTRIAL ACCIDENT: The Story of Wax Trax! Records', 'Alternative', NULL, NULL, 'TRUE'),
    ('Never Say Die: The Complete Final Concert', 'Country', 'Waylon Jennings', 'Ryman Auditorium', 'TRUE'),
    ('Live in New Orleans 10/31/2019', 'Rock', 'Widespread Panic', 'UNO Lakefront Arena', 'TRUE'),
    ('American Folk Blues Festival 1963-1969 The British Tours', 'Blues', NULL, NULL, 'TRUE'),
    ('Live from Manchester', 'Alternative', 'Oasis', NULL, 'TRUE'),
    ('The Other Side of the Mirror', 'Classic Rock', 'Bob Dylan', NULL, 'TRUE'),
    ('Live at Red Rocks', 'Rock', 'My Morning Jacket', 'Red Rocks Amphitheatre', 'TRUE'),
    ('Birthday Bash 2020 on the Beach!', 'Rock', 'Sammy Hagar', NULL, 'FALSE'),
    ('BBC Sessions', 'Classic Rock', 'Jimi Hendrix', NULL, 'TRUE'),
    ('At Last...The Beginning: The Making of Electric Ladyland', 'Classic Rock', 'Jimi Hendrix', NULL, 'TRUE'),
    ('The Dick Cavett Show Documentary', 'Classic Rock', 'Jimi Hendrix', NULL, 'TRUE'),
    ('American Landing : Jimi Hendrix Live at Monterey', 'Classic Rock', 'Jimi Hendrix', 'Monterey County Fairgrounds', 'TRUE'),
    ('Jimi Plays Berkeley', 'Classic Rock', 'Jimi Hendrix', 'Berkeley Community Theatre', 'TRUE'),
    ('Band of Gypsys Documentary', 'Classic Rock', 'Jimi Hendrix', NULL, 'TRUE'),
    ('Hear My Train A Cominü', 'Classic Rock', 'Jimi Hendrix', NULL, 'TRUE'),
    ('Live at Nightstage', 'Blues', 'Junior Wells', 'Nightstage', 'TRUE'),
    ('Live From Blackbird', 'Folk', 'Punch Brothers', 'Blackbird Studio', 'TRUE'),
    ('My Time After Awhile', 'Blues', 'Buddy Guy', NULL, 'TRUE'),
    ('Live in Austin, TX', 'Blues', 'Arc Angels', NULL, 'TRUE'),
    ('Living In A Dream', 'Blues', 'Arc Angels', NULL, 'TRUE'),
    ('Live at The Ryman Auditorium 10/18/2019', 'Country', 'Jason Isbell', 'Ryman Auditorium', 'TRUE'),
    ('Live in Seattle August 8, 2018', 'Alternative', 'Pearl Jam', NULL, 'TRUE'),
    ('Pearl Jam - Live in Philadelphia April 29, 2016', 'Alternative', 'Pearl Jam', 'Wells Fargo Center', 'TRUE'),
    ('An Evening with the Wedding Present', 'Rock', 'The Wedding Present', NULL, 'FALSE'),
    ('Don''t Call Me Baby Live', 'Pop', 'Voice of the Beehive', NULL, 'FALSE'),
    ('Warhead: 25th Anniversary', 'Punk', 'UK Subs', NULL, 'TRUE'),
    ('Construction for the Modern Vidiot', 'Alternative', 'The Wonder Stuff', NULL, 'TRUE'),
    ('Beat About the Bush', 'Alternative', 'The Bluetones', NULL, 'TRUE'),
    ('We''ve Got Tonight', 'Singer-Songwriter', 'Elkie Brooks', NULL, 'TRUE'),
    ('An Audience with Joe Brown', 'Rock', 'Joe Brown', NULL, 'TRUE'),
    ('Israelites Live in London', 'Pop', 'Desmond Dekker', 'Dingwalls', 'TRUE'),
    ('Electric Evil', 'Metal', 'Diamond Head', NULL, 'TRUE'),
    ('Dancing Horses: Live at the Shepherd''s Bush Empire', 'Rock', 'Echo & The Bunnymen', 'Shepherd''s Bush Empire', 'TRUE'),
    ('35th Anniversary', 'Folk', 'Fairport Convention', NULL, 'TRUE'),
    ('All Together Now That''s What I Call', 'Alternative', 'The Farm', NULL, 'TRUE'),
    ('Battleship Chains', 'Rock', 'Dan Baird and Homemade Sin', NULL, 'TRUE'),
    ('Out of the Shadows in Concert', 'Rock', 'Hawkwind', NULL, 'TRUE'),
    ('Live at the Dome', 'Pop', 'Human League', 'Brighton Dome', 'TRUE'),
    ('All the Young Dudes', 'Rock', 'Ian Hunter', NULL, 'TRUE'),
    ('Bright Young Things', 'Alternative', 'Jesus Jones', NULL, 'TRUE'),
    ('Now Is the Time', 'Soul', 'Jimmy James', NULL, 'TRUE'),
    ('Shoot the Neds in Concert', 'Alternative', 'Ned''s Atomic Dustbin', NULL, 'TRUE'),
    ('We Love the World', 'Rock', 'New Model Army', NULL, 'TRUE'),
    ('Will You Live in Brighton', 'Pop', 'Hazel O''Connor', 'Brighton Concorde', 'TRUE'),
    ('Live at the Jazz Cafe', 'Pop', 'Lee Perry', NULL, 'TRUE'),
    ('Get on the Train to Skaville', 'Pop', 'The Selecter', NULL, 'TRUE'),
    ('The Adventures of Hersham Boys', 'Punk', 'Sham 69', NULL, 'TRUE'),
    ('Two Pints of Lager and a Packet of Crisps Please!', 'Punk', 'Splodgenessabounds', NULL, 'TRUE'),
    ('Still Kicking', 'Punk', 'Stiff Little Fingers', NULL, 'TRUE'),
    ('Absolutely Live', 'Punk', 'Toy Dolls', NULL, 'TRUE'),
    ('Handheld & Rigidly Digital', 'Punk', 'Stiff Little Fingers', NULL, 'TRUE'),
    ('Live in Europe', 'Blues', 'Freddie King', NULL, 'TRUE'),
    ('Live in Sweden', 'Blues', 'Albert King', NULL, 'TRUE');

INSERT INTO VIEW_COUNTS(TITLE_ID, VIEW_COUNT) VALUES
    (16, 14971),
    (6, 2627),
    (14, 82661),
    (28, 31049),
    (26, 83715),
    (40, 37371),
    (9, 42458),
    (19, 84609),
    (4, 11508),
    (1, 24275),
    (29, 91921),
    (27, 65498),
    (21, 19167),
    (15, 59996),
    (3, 46932),
    (18, 39835),
    (30, 17243),
    (35, 38392),
    (5, 34649),
    (41, 19982),
    (33, 2489),
    (38, 44022),
    (10, 20617),
    (20, 76153),
    (22, 7820),
    (39, 85936),
    (31, 78899),
    (36, 63235),
    (11, 12164),
    (32, 80667),
    (8, 48374),
    (2, 26548),
    (17, 72568),
    (13, 73719),
    (7, 34009),
    (25, 3884),
    (24, 88243),
    (23, 79934),
    (37, 78550),
    (42, 77618),
    (34, 84785),
    (43, 53982),
    (44, 92412),
    (45, 70683),
    (46, 38353),
    (47, 36151),
    (48, 26553),
    (49, 79274),
    (50, 52042),
    (51, 34951),
    (52, 59277),
    (53, 26661),
    (54, 35896),
    (56, 30563),
    (57, 18592),
    (58, 96663),
    (59, 72209),
    (60, 97445),
    (61, 82587),
    (62, 30829),
    (63, 39908),
    (64, 9652),
    (65, 74257),
    (66, 76522),
    (67, 67541),
    (68, 53601),
    (69, 48325),
    (70, 35685),
    (73, 29863),
    (74, 93007),
    (75, 69322),
    (76, 54493),
    (77, 23114),
    (78, 83264),
    (79, 58788),
    (80, 51650),
    (81, 62500),
    (82, 73448),
    (83, 39854),
    (84, 90297),
    (85, 84854),
    (86, 70558),
    (87, 94044),
    (88, 64173),
    (89, 32365),
    (90, 80621),
    (91, 8850),
    (92, 35083),
    (93, 8930),
    (94, 77848),
    (95, 1182),
    (96, 93435),
    (97, 36332),
    (98, 62199),
    (99, 2199),
    (100, 57592);
